-- INSERT DISCIPLINES
INSERT INTO DISCIPLINES (DISCIPLINE_NAME, DISCIPLINE_ID) VALUES ('BUTTERFLY', 1);
INSERT INTO DISCIPLINES (DISCIPLINE_NAME, DISCIPLINE_ID) VALUES ('CRAWL', 2);
INSERT INTO DISCIPLINES (DISCIPLINE_NAME, DISCIPLINE_ID) VALUES ('BACKSTROKE', 3);
INSERT INTO DISCIPLINES (DISCIPLINE_NAME, DISCIPLINE_ID) VALUES ('BREASTSTROKE', 4);

-- INSERT INTO MEMBERS
INSERT INTO MEMBERS (MEMBER_NAME, AGE, SUBSCRIPTION, ACTIVE, ARREARS, MEMBER_ID) VALUES ('Mads Brandt', 25, 1600, 1, curdate(), 1); -- Senior member, competition swimmer
INSERT INTO MEMBERS (MEMBER_NAME, AGE, SUBSCRIPTION, ACTIVE, ARREARS, MEMBER_ID) VALUES ('Alexander Sarson', 29, 1600, 1, curdate(), 2); -- Motionist
INSERT INTO MEMBERS (MEMBER_NAME, AGE, ACTIVE, ARREARS, MEMBER_ID) VALUES ('Benjamin Paepke', 27, 1, curdate(), 3); -- Coach
INSERT INTO MEMBERS (MEMBER_NAME, AGE, SUBSCRIPTION, ACTIVE, ARREARS, MEMBER_ID) VALUES ('Tobias Boldt-Jørgensen', 15, 1000, 1, curdate(), 4); -- Junior member
INSERT INTO MEMBERS (MEMBER_NAME, AGE, SUBSCRIPTION, ACTIVE, ARREARS, MEMBER_ID, COACH_ID) VALUES ('Senior Swimmer', 30, 1600, 1, curdate(), 5, 3); -- Senior member
INSERT INTO MEMBERS (MEMBER_NAME, AGE, SUBSCRIPTION, ACTIVE, ARREARS, MEMBER_ID, COACH_ID) VALUES ('Junior Swimmer', 15, 1000, 1, curdate(), 6, 3); -- junior member
INSERT INTO MEMBERS (MEMBER_NAME, AGE, SUBSCRIPTION, ACTIVE, ARREARS, MEMBER_ID) VALUES ('Old Member', 70, 1200, 1, '2017-01-13', 7); -- old member

-- MORE MEMBERS:
-- COACH
INSERT INTO MEMBERS (MEMBER_NAME, AGE, ACTIVE, ARREARS, MEMBER_ID) VALUES ('Jeannette Rogers', 29, 1, curdate(), 8);
INSERT INTO MEMBERS (MEMBER_NAME, AGE, ACTIVE, ARREARS, MEMBER_ID) VALUES ('Lucille Ryan', 32, 1, curdate(), 9);
INSERT INTO MEMBERS (MEMBER_NAME, AGE, ACTIVE, ARREARS, MEMBER_ID) VALUES ('Iris Lawson', 21, 1, curdate(), 10);
INSERT INTO MEMBERS (MEMBER_NAME, AGE, ACTIVE, ARREARS, MEMBER_ID) VALUES ('Tommy Alvarez', 34, 1, curdate(), 11);
INSERT INTO MEMBERS (MEMBER_NAME, AGE, ACTIVE, ARREARS, MEMBER_ID) VALUES ('Penny Harris', 43, 1, curdate(), 12);
INSERT INTO MEMBERS (MEMBER_NAME, AGE, ACTIVE, ARREARS, MEMBER_ID) VALUES ('Constance George', 32, 1, curdate(), 13);
INSERT INTO MEMBERS (MEMBER_NAME, AGE, ACTIVE, ARREARS, MEMBER_ID) VALUES ('Janis Bishop', 29, 1, curdate(), 14);
INSERT INTO MEMBERS (MEMBER_NAME, AGE, ACTIVE, ARREARS, MEMBER_ID) VALUES ('Juana Redd', 26, 1, curdate(), 15);
INSERT INTO MEMBERS (MEMBER_NAME, AGE, ACTIVE, ARREARS, MEMBER_ID) VALUES ('Scott Garcia', 24, 1, curdate(), 16);
-- Junior
INSERT INTO MEMBERS (MEMBER_NAME, AGE, SUBSCRIPTION, ACTIVE, ARREARS, MEMBER_ID) VALUES ('Judy Robinson', 8, 1000, 1, curdate(), 17);
INSERT INTO MEMBERS (MEMBER_NAME, AGE, SUBSCRIPTION, ACTIVE, ARREARS, MEMBER_ID) VALUES ('Rachel Gray', 9, 1000, 1, curdate(), 18);
INSERT INTO MEMBERS (MEMBER_NAME, AGE, SUBSCRIPTION, ACTIVE, ARREARS, MEMBER_ID) VALUES ('Ralph Diaz', 10, 1000, 1, curdate(), 19);
INSERT INTO MEMBERS (MEMBER_NAME, AGE, SUBSCRIPTION, ACTIVE, ARREARS, MEMBER_ID) VALUES ('Bonnie Reed', 11, 1000, 1, curdate(), 20);
INSERT INTO MEMBERS (MEMBER_NAME, AGE, SUBSCRIPTION, ACTIVE, ARREARS, MEMBER_ID) VALUES ('Teresa Cook', 12, 1000, 1, curdate(), 21);
INSERT INTO MEMBERS (MEMBER_NAME, AGE, SUBSCRIPTION, ACTIVE, ARREARS, MEMBER_ID) VALUES ('Wanda Flores', 13, 1000, 1, curdate(), 22);
INSERT INTO MEMBERS (MEMBER_NAME, AGE, SUBSCRIPTION, ACTIVE, ARREARS, MEMBER_ID) VALUES ('Kathryn Price', 14, 1000, 1, curdate(), 23);
INSERT INTO MEMBERS (MEMBER_NAME, AGE, SUBSCRIPTION, ACTIVE, ARREARS, MEMBER_ID) VALUES ('Amanda Washington', 16, 1000, 1, curdate(), 24);
INSERT INTO MEMBERS (MEMBER_NAME, AGE, SUBSCRIPTION, ACTIVE, ARREARS, MEMBER_ID) VALUES ('Carlos Long', 17, 1000, 1, curdate(), 25);
INSERT INTO MEMBERS (MEMBER_NAME, AGE, SUBSCRIPTION, ACTIVE, ARREARS, MEMBER_ID) VALUES ('Paul Russel', 11, 1000, 1, curdate(), 26);
INSERT INTO MEMBERS (MEMBER_NAME, AGE, SUBSCRIPTION, ACTIVE, ARREARS, MEMBER_ID) VALUES ('Lisa Adams', 10, 1000, 1, curdate(), 27);
INSERT INTO MEMBERS (MEMBER_NAME, AGE, SUBSCRIPTION, ACTIVE, ARREARS, MEMBER_ID) VALUES ('Judith Wood', 6, 1000, 1, curdate(), 28);
INSERT INTO MEMBERS (MEMBER_NAME, AGE, SUBSCRIPTION, ACTIVE, ARREARS, MEMBER_ID) VALUES ('Randy Watson', 7, 1000, 1, curdate(), 29);
INSERT INTO MEMBERS (MEMBER_NAME, AGE, SUBSCRIPTION, ACTIVE, ARREARS, MEMBER_ID) VALUES ('George Ross', 8, 1000, 1, curdate(), 30);
-- Senior
INSERT INTO MEMBERS (MEMBER_NAME, AGE, SUBSCRIPTION, ACTIVE, ARREARS, MEMBER_ID) VALUES ('Anna Howard', 25, 1600, 1, curdate(), 31);
INSERT INTO MEMBERS (MEMBER_NAME, AGE, SUBSCRIPTION, ACTIVE, ARREARS, MEMBER_ID) VALUES ('Jean Morris', 35, 1600, 1, curdate(), 32);
INSERT INTO MEMBERS (MEMBER_NAME, AGE, SUBSCRIPTION, ACTIVE, ARREARS, MEMBER_ID) VALUES ('Joshua Long', 45, 1600, 1, curdate(), 33);
INSERT INTO MEMBERS (MEMBER_NAME, AGE, SUBSCRIPTION, ACTIVE, ARREARS, MEMBER_ID) VALUES ('Arthur Cook', 55, 1600, 1, curdate(), 34);
INSERT INTO MEMBERS (MEMBER_NAME, AGE, SUBSCRIPTION, ACTIVE, ARREARS, MEMBER_ID) VALUES ('Betty Ramirez', 65, 1600, 1, curdate(), 35);
INSERT INTO MEMBERS (MEMBER_NAME, AGE, SUBSCRIPTION, ACTIVE, ARREARS, MEMBER_ID) VALUES ('Bruce Campbell', 75, 1600, 1, curdate(), 36);
INSERT INTO MEMBERS (MEMBER_NAME, AGE, SUBSCRIPTION, ACTIVE, ARREARS, MEMBER_ID) VALUES ('Norma Barnes', 85, 1600, 1, curdate(), 37);
INSERT INTO MEMBERS (MEMBER_NAME, AGE, SUBSCRIPTION, ACTIVE, ARREARS, MEMBER_ID) VALUES ('Doris Butler', 54, 1600, 1, curdate(), 38);
INSERT INTO MEMBERS (MEMBER_NAME, AGE, SUBSCRIPTION, ACTIVE, ARREARS, MEMBER_ID) VALUES ('Evelyn Powell', 60, 1600, 1, curdate(), 39);
INSERT INTO MEMBERS (MEMBER_NAME, AGE, SUBSCRIPTION, ACTIVE, ARREARS, MEMBER_ID) VALUES ('Sarah Diaz', 52, 1600, 1, curdate(), 40);
INSERT INTO MEMBERS (MEMBER_NAME, AGE, SUBSCRIPTION, ACTIVE, ARREARS, MEMBER_ID) VALUES ('Joey Diaz', 51, 1600, 1, curdate(), 41);
INSERT INTO MEMBERS (MEMBER_NAME, AGE, SUBSCRIPTION, ACTIVE, ARREARS, MEMBER_ID) VALUES ('Joe Rogan', 28, 1600, 1, curdate(), 42);
INSERT INTO MEMBERS (MEMBER_NAME, AGE, SUBSCRIPTION, ACTIVE, ARREARS, MEMBER_ID) VALUES ('Tina Thomas', 37, 1600, 1, curdate(), 43);
INSERT INTO MEMBERS (MEMBER_NAME, AGE, SUBSCRIPTION, ACTIVE, ARREARS, MEMBER_ID) VALUES ('Keith Morris', 33, 1600, 1, curdate(), 44);
INSERT INTO MEMBERS (MEMBER_NAME, AGE, SUBSCRIPTION, ACTIVE, ARREARS, MEMBER_ID) VALUES ('Sandra Scott', 23, 1600, 1, curdate(), 45);
INSERT INTO MEMBERS (MEMBER_NAME, AGE, SUBSCRIPTION, ACTIVE, ARREARS, MEMBER_ID) VALUES ('Jeremy Wood', 25, 1600, 1, curdate(), 46);



-- Insert Swimmer' training results
INSERT INTO TRAINING_RESULTS (DISCIPLINE_ID, TRAINING_DATE, BEST_TIME, MEMBER_ID) VALUES (1, '2019-03-22', '00:02:03', 5);
INSERT INTO TRAINING_RESULTS (DISCIPLINE_ID, TRAINING_DATE, BEST_TIME, MEMBER_ID) VALUES (2, '2019-03-22', '00:02:40', 5);
INSERT INTO TRAINING_RESULTS (DISCIPLINE_ID, TRAINING_DATE, BEST_TIME, MEMBER_ID) VALUES (3, '2019-02-22', '00:03:03', 6);
INSERT INTO TRAINING_RESULTS (DISCIPLINE_ID, TRAINING_DATE, BEST_TIME, MEMBER_ID) VALUES (4, '2019-02-22', '00:04:40', 6);

-- Insert competition results.. 
INSERT INTO COMPETITION_RESULTS (EVENT_NAME, DISCIPLINE_ID, EVENT_DATE, BEST_TIME, PLACEMENT, MEMBER_ID) VALUES ('DM', 1, '2019-04-01', '00:01:54', 1, 5);
INSERT INTO COMPETITION_RESULTS (EVENT_NAME, DISCIPLINE_ID, EVENT_DATE, BEST_TIME, PLACEMENT, MEMBER_ID) VALUES ('DM', 4, '2019-04-01', '00:04:30', 6, 5);
INSERT INTO COMPETITION_RESULTS (EVENT_NAME, DISCIPLINE_ID, EVENT_DATE, BEST_TIME, PLACEMENT, MEMBER_ID) VALUES ('DM', 3, '2019-04-01', '00:05:54', 7, 6);
INSERT INTO COMPETITION_RESULTS (EVENT_NAME, DISCIPLINE_ID, EVENT_DATE, BEST_TIME, PLACEMENT, MEMBER_ID) VALUES ('DM', 2, '2019-04-01', '00:07:30', 9, 6);

-- Insert into discipline_member
INSERT INTO DISCIPLINE_MEMBER (MEMBER_ID, DISCIPLINE_ID) VALUES (5, 1);
INSERT INTO DISCIPLINE_MEMBER (MEMBER_ID, DISCIPLINE_ID) VALUES (5, 4);
INSERT INTO DISCIPLINE_MEMBER (MEMBER_ID, DISCIPLINE_ID) VALUES (6, 3);
INSERT INTO DISCIPLINE_MEMBER (MEMBER_ID, DISCIPLINE_ID) VALUES (6, 2);

select * from members;
